timestamp_recorded,match_key,market_id,kalshi_url,player_a,player_a_id,player_b,player_b_id,tournament,surface,tourney_level,event_date,market_open_time,match_start_time,theo_a,theo_b,yes_ask_a,yes_bid_a,yes_ask_b,yes_bid_b,chosen_market_id,chosen_direction,chosen_player_name,chosen_player_id,entry_price,theo_chosen,edge,fee,feature_shifts_json,timestamp_settled,resolution,bet_won,gross_pnl,net_pnl
2026-05-07T13:41:36+00:00,KXATPCHALLENGERMATCH-26MAY07MIGLA,kalshi::KXATPCHALLENGERMATCH-26MAY07MIGLA-LA,https://kalshi.com/markets/kxatpchallengermatch/kxatpchallengermatch-26may07migla,"Luis ""Guto"" Miguel",M0WY,Juan Manuel La Serna,L0GR,Santos,Clay,C,2026-05-08,,,0.2848541982914578,0.766170996912472,0.49,0.46,0.54,0.51,kalshi::KXATPCHALLENGERMATCH-26MAY07MIGLA-LA,YES,Juan Manuel La Serna,L0GR,0.54,0.766170996912472,0.226170996912472,0.017388,"{""rank_ratio_a"": 0.213784, ""surface_win_rate_diff"": -0.0, ""recent_form_diff"": -0.025195, ""fatigue_diff_21d"": -0.000116, ""fatigue_diff_28d"": 0.08033, ""days_rest_diff"": 0.169698, ""h2h_surface_diff"": 0.0, ""ace_rate_diff"": 0.00473, ""df_rate_diff"": 0.01556, ""serve_dominance_diff"": 0.196615, ""return_dominance_diff"": 0.324002, ""first_in_pct_diff"": 0.005991, ""first_won_pct_diff"": -0.000131, ""second_won_pct_diff"": -0.025864, ""height_diff"": 0.033625}",2026-05-07T23:56:37+00:00,0.0,False,-0.54,-0.557388
2026-05-07T13:41:36+00:00,KXATPCHALLENGERMATCH-26MAY07DIASAI,kalshi::KXATPCHALLENGERMATCH-26MAY07DIASAI-SAI,https://kalshi.com/markets/kxatpchallengermatch/kxatpchallengermatch-26may07diasai,Nikolas Sanchez Izquierdo,S0GZ,Facundo Diaz Acosta,D0CG,Francavilla,Clay,C,2026-05-07,,,0.4897203804340415,0.5206125834486669,0.35,0.34,0.66,0.64,kalshi::KXATPCHALLENGERMATCH-26MAY07DIASAI-SAI,YES,Nikolas Sanchez Izquierdo,S0GZ,0.35,0.4897203804340415,0.1397203804340415,0.015925,"{""rank_ratio_a"": 0.021987, ""surface_win_rate_diff"": -0.055214, ""recent_form_diff"": 0.005055, ""fatigue_diff_21d"": -0.122824, ""fatigue_diff_28d"": 0.595215, ""days_rest_diff"": 0.023035, ""h2h_surface_diff"": -0.120173, ""ace_rate_diff"": -0.016014, ""df_rate_diff"": -0.000916, ""serve_dominance_diff"": -0.227899, ""return_dominance_diff"": -0.075183, ""first_in_pct_diff"": 0.003737, ""first_won_pct_diff"": 0.003716, ""second_won_pct_diff"": 0.004919, ""height_diff"": 0.00787}",2026-05-07T23:56:37+00:00,0.0,False,-0.35,-0.365925
2026-05-07T13:41:36+00:00,KXATPCHALLENGERMATCH-26MAY07PDAABO,kalshi::KXATPCHALLENGERMATCH-26MAY07PDAABO-PDA,https://kalshi.com/markets/kxatpchallengermatch/kxatpchallengermatch-26may07pdaabo,Matheus Pucinelli De Almeida,P0DF,Valerio Aboian,A0G7,Santos,Clay,C,2026-05-07,,,0.468968007476755,0.5386064178318941,0.74,0.72,,,kalshi::KXATPCHALLENGERMATCH-26MAY07PDAABO-PDA,NO,Valerio Aboian,A0G7,0.28,0.531031992523245,0.2510319925232449,0.014112,"{""rank_ratio_a"": 0.014668, ""surface_win_rate_diff"": -0.00147, ""recent_form_diff"": -0.01007, ""fatigue_diff_21d"": -0.044973, ""fatigue_diff_28d"": 0.235362, ""days_rest_diff"": 0.077427, ""h2h_surface_diff"": 0.127096, ""ace_rate_diff"": 0.047653, ""df_rate_diff"": 0.044076, ""serve_dominance_diff"": -0.116271, ""return_dominance_diff"": -0.157804, ""first_in_pct_diff"": -0.009812, ""first_won_pct_diff"": -0.001326, ""second_won_pct_diff"": 0.016974, ""height_diff"": -0.000715}",2026-05-07T23:56:37+00:00,1.0,False,-0.28,-0.294112
2026-05-07T13:41:36+00:00,KXATPCHALLENGERMATCH-26MAY07TOBMEN,kalshi::KXATPCHALLENGERMATCH-26MAY07TOBMEN-MEN,https://kalshi.com/markets/kxatpchallengermatch/kxatpchallengermatch-26may07tobmen,Miguel Tobon,T133,Facundo Mena,MJ98,Santos,Clay,C,2026-05-07,,,0.3243446433400768,0.7197925564627583,0.39,0.37,0.63,0.61,kalshi::KXATPCHALLENGERMATCH-26MAY07TOBMEN-MEN,YES,Facundo Mena,MJ98,0.63,0.7197925564627583,0.0897925564627583,0.016317,"{""rank_ratio_a"": 0.200579, ""surface_win_rate_diff"": 0.094097, ""recent_form_diff"": -0.01007, ""fatigue_diff_21d"": -0.018113, ""fatigue_diff_28d"": 0.125029, ""days_rest_diff"": 0.007494, ""h2h_surface_diff"": 0.0, ""ace_rate_diff"": 0.034016, ""df_rate_diff"": 0.059228, ""serve_dominance_diff"": 0.235041, ""return_dominance_diff"": 0.13479, ""first_in_pct_diff"": -0.006991, ""first_won_pct_diff"": -0.003487, ""second_won_pct_diff"": -0.015822, ""height_diff"": -0.009301}",2026-05-07T23:56:37+00:00,0.0,False,-0.63,-0.646317
2026-05-07T13:41:36+00:00,KXATPCHALLENGERMATCH-26MAY07FERTSE,kalshi::KXATPCHALLENGERMATCH-26MAY07FERTSE-FER,https://kalshi.com/markets/kxatpchallengermatch/kxatpchallengermatch-26may07fertse,Frederico Ferreira Silva,SN54,Chun-Hsin Tseng,T0AP,Francavilla,Clay,C,2026-05-07,,,0.5603424285441636,0.4582706085204059,0.45,0.44,,,kalshi::KXATPCHALLENGERMATCH-26MAY07FERTSE-FER,YES,Frederico Ferreira Silva,SN54,0.45,0.5603424285441636,0.1103424285441636,0.017325,"{""rank_ratio_a"": 0.063167, ""surface_win_rate_diff"": -0.082671, ""recent_form_diff"": 0.005055, ""fatigue_diff_21d"": -0.073877, ""fatigue_diff_28d"": 0.345128, ""days_rest_diff"": 0.000695, ""h2h_surface_diff"": 0.0, ""ace_rate_diff"": -0.012664, ""df_rate_diff"": 0.008471, ""serve_dominance_diff"": -0.059354, ""return_dominance_diff"": 0.070389, ""first_in_pct_diff"": 0.013012, ""first_won_pct_diff"": 0.002125, ""second_won_pct_diff"": 0.003256, ""height_diff"": 0.012162}",2026-05-07T23:56:37+00:00,0.0,False,-0.45,-0.467325
2026-05-07T13:41:36+00:00,KXATPCHALLENGERMATCH-26MAY07BAXLAL,kalshi::KXATPCHALLENGERMATCH-26MAY07BAXLAL-LAL,https://kalshi.com/markets/kxatpchallengermatch/kxatpchallengermatch-26may07baxlal,Younes Lalami Laaroussi,L0CK,Florent Bax,B0BU,Brazzaville,Clay,C,2026-05-07,,,0.2988633158052389,0.741814590546866,0.18,0.17,0.83,0.82,kalshi::KXATPCHALLENGERMATCH-26MAY07BAXLAL-LAL,YES,Younes Lalami Laaroussi,L0CK,0.18,0.2988633158052389,0.1188633158052389,0.010332,"{""rank_ratio_a"": -0.208741, ""surface_win_rate_diff"": -0.0, ""recent_form_diff"": 0.025222, ""fatigue_diff_21d"": 0.100505, ""fatigue_diff_28d"": -0.416448, ""days_rest_diff"": -0.383932, ""h2h_surface_diff"": 0.0, ""ace_rate_diff"": 0.0, ""df_rate_diff"": -0.0, ""serve_dominance_diff"": 0.0, ""return_dominance_diff"": -0.0, ""first_in_pct_diff"": -0.0, ""first_won_pct_diff"": -0.0, ""second_won_pct_diff"": -0.0, ""height_diff"": 0.012162}",2026-05-07T23:56:37+00:00,0.0,False,-0.18,-0.190332
2026-05-07T13:41:36+00:00,KXATPCHALLENGERMATCH-26MAY07DICSCH,kalshi::KXATPCHALLENGERMATCH-26MAY07DICSCH-DIC,https://kalshi.com/markets/kxatpchallengermatch/kxatpchallengermatch-26may07dicsch,Joao Eduardo Schiessl,S0T1,Ryan Dickerson,D0IN,Santos,Clay,C,2026-05-07,,,0.5603234944752316,0.4543744573099915,0.71,0.7,0.3,0.29,kalshi::KXATPCHALLENGERMATCH-26MAY07DICSCH-DIC,YES,Ryan Dickerson,D0IN,0.3,0.4543744573099915,0.1543744573099915,0.0147,"{""rank_ratio_a"": 0.050495, ""surface_win_rate_diff"": -0.006201, ""recent_form_diff"": -0.003347, ""fatigue_diff_21d"": -0.024112, ""fatigue_diff_28d"": 0.161807, ""days_rest_diff"": 0.007494, ""h2h_surface_diff"": 0.0, ""ace_rate_diff"": -0.010289, ""df_rate_diff"": -0.16999, ""serve_dominance_diff"": -0.144948, ""return_dominance_diff"": -0.00877, ""first_in_pct_diff"": -0.00809, ""first_won_pct_diff"": -0.002758, ""second_won_pct_diff"": 0.038292, ""height_diff"": 0.033625}",2026-05-07T23:56:37+00:00,0.0,False,-0.3,-0.3147
2026-05-07T13:41:36+00:00,KXATPCHALLENGERMATCH-26MAY07DEVHAR,kalshi::KXATPCHALLENGERMATCH-26MAY07DEVHAR-HAR,https://kalshi.com/markets/kxatpchallengermatch/kxatpchallengermatch-26may07devhar,Nick Hardt,H0A4,Hugo Dellien,DA31,Santos,Clay,C,2026-05-07,,,0.2904684193781638,0.7472357398041983,0.62,0.61,,,kalshi::KXATPCHALLENGERMATCH-26MAY07DEVHAR-HAR,NO,Hugo Dellien,DA31,0.39,0.7095315806218361,0.319531580621836,0.016653,"{""rank_ratio_a"": 0.218019, ""surface_win_rate_diff"": -0.009039, ""recent_form_diff"": -0.025195, ""fatigue_diff_21d"": -0.014568, ""fatigue_diff_28d"": 0.244414, ""days_rest_diff"": -0.005132, ""h2h_surface_diff"": 0.127096, ""ace_rate_diff"": 0.019566, ""df_rate_diff"": 0.043708, ""serve_dominance_diff"": 0.564878, ""return_dominance_diff"": -0.198572, ""first_in_pct_diff"": 0.012273, ""first_won_pct_diff"": -0.005773, ""second_won_pct_diff"": -0.025996, ""height_diff"": -0.022178}",2026-05-07T23:56:37+00:00,0.0,True,0.61,0.593347
2026-05-07T13:41:36+00:00,KXATPCHALLENGERMATCH-26MAY07GEEVAS,kalshi::KXATPCHALLENGERMATCH-26MAY07GEEVAS-GEE,https://kalshi.com/markets/kxatpchallengermatch/kxatpchallengermatch-26may07geevas,Iiro Vasa,V0DQ,Michael Geerts,GG65,Brazzaville,Clay,C,2026-05-07,,,0.3178869827077035,0.5962652819749548,0.16,0.15,0.86,0.85,kalshi::KXATPCHALLENGERMATCH-26MAY07GEEVAS-GEE,NO,Eero Vasa,V993,0.15,0.4037347180250452,0.2537347180250452,0.008925,"{""rank_ratio_a"": 0.232999, ""surface_win_rate_diff"": -0.0, ""recent_form_diff"": 0.0, ""fatigue_diff_21d"": -0.038428, ""fatigue_diff_28d"": 0.160109, ""days_rest_diff"": 0.082283, ""h2h_surface_diff"": 0.0, ""ace_rate_diff"": 0.0, ""df_rate_diff"": -0.0, ""serve_dominance_diff"": 0.0, ""return_dominance_diff"": -0.0, ""first_in_pct_diff"": -0.0, ""first_won_pct_diff"": -0.0, ""second_won_pct_diff"": -0.0, ""height_diff"": -0.022178}",2026-05-07T23:56:37+00:00,0.0,True,0.85,0.841075
2026-05-07T13:41:36+00:00,KXATPCHALLENGERMATCH-26MAY07MANERH,kalshi::KXATPCHALLENGERMATCH-26MAY07MANERH-MAN,https://kalshi.com/markets/kxatpchallengermatch/kxatpchallengermatch-26may07manerh,Skander Mansouri,ML73,Mathys Erhard,E0AC,Brazzaville,Clay,C,2026-05-07,,,0.3203785554795519,0.7608712289147032,0.17,0.16,0.84,0.83,kalshi::KXATPCHALLENGERMATCH-26MAY07MANERH-MAN,YES,Skander Mansouri,ML73,0.17,0.3203785554795519,0.1503785554795519,0.009877,"{""rank_ratio_a"": 0.126233, ""surface_win_rate_diff"": -0.0, ""recent_form_diff"": -0.01007, ""fatigue_diff_21d"": 0.04624, ""fatigue_diff_28d"": -0.191257, ""days_rest_diff"": -0.722909, ""h2h_surface_diff"": 0.0, ""ace_rate_diff"": 0.0, ""df_rate_diff"": -0.0, ""serve_dominance_diff"": 0.0, ""return_dominance_diff"": -0.0, ""first_in_pct_diff"": -0.0, ""first_won_pct_diff"": -0.0, ""second_won_pct_diff"": -0.0, ""height_diff"": 0.020748}",2026-05-07T23:56:37+00:00,0.0,False,-0.17,-0.179877
2026-05-07T13:41:36+00:00,KXATPCHALLENGERMATCH-26MAY07RIBCER,kalshi::KXATPCHALLENGERMATCH-26MAY07RIBCER-RIB,https://kalshi.com/markets/kxatpchallengermatch/kxatpchallengermatch-26may07ribcer,Franco Ribero,R0BF,Matyas Cerny,C0GU,Brazzaville,Clay,C,2026-05-07,,,0.4966731338344496,0.5201892604852816,0.28,0.25,0.75,0.71,kalshi::KXATPCHALLENGERMATCH-26MAY07RIBCER-RIB,YES,Franco Ribero,R0BF,0.28,0.4966731338344496,0.2166731338344496,0.014112,"{""rank_ratio_a"": 0.084041, ""surface_win_rate_diff"": -0.0, ""recent_form_diff"": 0.015139, ""fatigue_diff_21d"": -0.000116, ""fatigue_diff_28d"": 0.082594, ""days_rest_diff"": 0.02692, ""h2h_surface_diff"": 0.0, ""ace_rate_diff"": 0.028516, ""df_rate_diff"": -0.040774, ""serve_dominance_diff"": -0.006218, ""return_dominance_diff"": -0.177898, ""first_in_pct_diff"": -0.008205, ""first_won_pct_diff"": -0.005128, ""second_won_pct_diff"": 0.03164, ""height_diff"": 0.042211}",2026-05-07T23:56:37+00:00,1.0,True,0.72,0.705888
2026-05-07T13:41:36+00:00,KXATPCHALLENGERMATCH-26MAY07CASKIC,kalshi::KXATPCHALLENGERMATCH-26MAY07CASKIC-CAS,https://kalshi.com/markets/kxatpchallengermatch/kxatpchallengermatch-26may07caskic,Nicolas Kicker,KC29,Hernan Casanova,CG07,Santos,Clay,C,2026-05-07,,,0.457478568615229,0.5656888251650033,0.6,0.54,0.44,0.39,kalshi::KXATPCHALLENGERMATCH-26MAY07CASKIC-CAS,YES,Hernan Casanova,CG07,0.44,0.5656888251650033,0.1256888251650033,0.017248,"{""rank_ratio_a"": 0.094201, ""surface_win_rate_diff"": 0.030228, ""recent_form_diff"": -0.01007, ""fatigue_diff_21d"": 0.012291, ""fatigue_diff_28d"": 0.067883, ""days_rest_diff"": -0.007075, ""h2h_surface_diff"": 0.003462, ""ace_rate_diff"": -0.002134, ""df_rate_diff"": 0.021541, ""serve_dominance_diff"": -0.060826, ""return_dominance_diff"": 0.165792, ""first_in_pct_diff"": 0.00737, ""first_won_pct_diff"": 0.00228, ""second_won_pct_diff"": -0.01132, ""height_diff"": -0.000715}",2026-05-07T23:56:37+00:00,1.0,True,0.56,0.542752
2026-05-07T13:41:36+00:00,KXATPCHALLENGERMATCH-26MAY07CLABAS,kalshi::KXATPCHALLENGERMATCH-26MAY07CLABAS-CLA,https://kalshi.com/markets/kxatpchallengermatch/kxatpchallengermatch-26may07clabas,Jay Clarke,CI14,Nishesh Basavareddy,B0NN,Francavilla,Clay,C,2026-05-07,,,0.4688549133832335,0.5532232955393206,0.32,0.31,0.69,0.68,kalshi::KXATPCHALLENGERMATCH-26MAY07CLABAS-CLA,YES,Jay Clarke,CI14,0.32,0.4688549133832335,0.1488549133832334,0.015232,"{""rank_ratio_a"": 0.109738, ""surface_win_rate_diff"": -0.012824, ""recent_form_diff"": 0.025222, ""fatigue_diff_21d"": 0.046513, ""fatigue_diff_28d"": -0.293668, ""days_rest_diff"": 0.003609, ""h2h_surface_diff"": 0.0, ""ace_rate_diff"": -0.019755, ""df_rate_diff"": 0.038149, ""serve_dominance_diff"": -0.173235, ""return_dominance_diff"": 0.209819, ""first_in_pct_diff"": 0.003986, ""first_won_pct_diff"": 0.001503, ""second_won_pct_diff"": 0.018014, ""height_diff"": 0.012162}",2026-05-07T23:56:37+00:00,1.0,True,0.6799999999999999,0.6647679999999999
2026-05-07T13:41:36+00:00,KXATPCHALLENGERMATCH-26MAY07PRASEG,kalshi::KXATPCHALLENGERMATCH-26MAY07PRASEG-PRA,https://kalshi.com/markets/kxatpchallengermatch/kxatpchallengermatch-26may07praseg,Ryan Seggerman,S0DL,Juan Carlos Prado Angelo,P0IY,Francavilla,Clay,C,2026-05-07,,,0.3407293034561851,0.6720388406714858,0.61,0.59,0.41,0.4,kalshi::KXATPCHALLENGERMATCH-26MAY07PRASEG-PRA,YES,Juan Carlos Prado Angelo,P0IY,0.41,0.6720388406714858,0.2620388406714858,0.016933,"{""rank_ratio_a"": 0.212192, ""surface_win_rate_diff"": -0.0, ""recent_form_diff"": -0.020153, ""fatigue_diff_21d"": -0.068969, ""fatigue_diff_28d"": 0.336075, ""days_rest_diff"": 0.240602, ""h2h_surface_diff"": 0.0, ""ace_rate_diff"": 0.0, ""df_rate_diff"": -0.0, ""serve_dominance_diff"": 0.0, ""return_dominance_diff"": -0.0, ""first_in_pct_diff"": -0.0, ""first_won_pct_diff"": -0.0, ""second_won_pct_diff"": -0.0, ""height_diff"": -0.035056}",2026-05-07T23:56:37+00:00,0.0,False,-0.41,-0.4269329999999999
2026-05-07T03:14:07+00:00,KXATPCHALLENGERMATCH-26MAY07MANERH,kalshi::KXATPCHALLENGERMATCH-26MAY07MANERH-ERH,https://kalshi.com/markets/kxatpchallengermatch/kxatpchallengermatch-26may07manerh,Skander Mansouri,ML73,Mathys Erhard,E0AC,Brazzaville,Clay,C,2026-05-07,,,0.3236091253534439,0.7567048815133537,0.39,0.3,0.69,0.61,kalshi::KXATPCHALLENGERMATCH-26MAY07MANERH-ERH,YES,Mathys Erhard,E0AC,0.69,0.7567048815133537,0.0667048815133537,0.014973,"{""rank_ratio_a"": 0.119483, ""surface_win_rate_diff"": -0.0, ""recent_form_diff"": -0.000525, ""fatigue_diff_21d"": -0.03549, ""fatigue_diff_28d"": 0.18485, ""days_rest_diff"": 0.704101, ""h2h_surface_diff"": -0.0, ""ace_rate_diff"": 0.0, ""df_rate_diff"": -0.0, ""serve_dominance_diff"": -0.0, ""return_dominance_diff"": 0.0, ""first_in_pct_diff"": 0.0, ""first_won_pct_diff"": -0.0, ""second_won_pct_diff"": 0.0, ""height_diff"": -0.020035}",2026-05-08T01:16:17+00:00,1.0,True,0.31,0.295027
2026-05-07T03:14:07+00:00,KXATPCHALLENGERMATCH-26MAY07MILYUN,kalshi::KXATPCHALLENGERMATCH-26MAY07MILYUN-YUN,https://kalshi.com/markets/kxatpchallengermatch/kxatpchallengermatch-26may07milyun,Yunchaokete Bu,Y09V,Ognjen Milic,M0UR,Wuxi,Hard,C,2026-05-07,,,0.5723712470385446,0.419690513828745,0.83,0.81,0.19,0.18,kalshi::KXATPCHALLENGERMATCH-26MAY07MILYUN-YUN,NO,Ognjen Milic,M0UR,0.1899999999999999,0.4276287529614554,0.2376287529614554,0.010773,"{""rank_ratio_a"": -0.100183, ""surface_win_rate_diff"": -0.006245, ""recent_form_diff"": -0.00045, ""fatigue_diff_21d"": 0.065191, ""fatigue_diff_28d"": -0.377942, ""days_rest_diff"": -0.000781, ""h2h_surface_diff"": -0.0, ""ace_rate_diff"": 0.012301, ""df_rate_diff"": -0.052954, ""serve_dominance_diff"": 0.191795, ""return_dominance_diff"": 0.090087, ""first_in_pct_diff"": -0.008315, ""first_won_pct_diff"": -0.01025, ""second_won_pct_diff"": -0.008184, ""height_diff"": -0.020035}",2026-05-08T01:16:17+00:00,1.0,False,-0.1899999999999999,-0.2007729999999999
2026-05-07T03:14:07+00:00,KXATPCHALLENGERMATCH-26MAY07AVEKWON,kalshi::KXATPCHALLENGERMATCH-26MAY07AVEKWON-AVE,https://kalshi.com/markets/kxatpchallengermatch/kxatpchallengermatch-26may07avekwon,Soonwoo Kwon,KF17,Alafia Ayeni,A09P,Wuxi,Hard,C,2026-05-07,,,0.8127573581740972,0.287106029667561,0.88,0.87,0.14,0.13,kalshi::KXATPCHALLENGERMATCH-26MAY07AVEKWON-AVE,YES,Alafia Ayeni,A09P,0.14,0.287106029667561,0.1471060296675609,0.008428,"{""rank_ratio_a"": 0.063642, ""surface_win_rate_diff"": -0.09477, ""recent_form_diff"": -0.001047, ""fatigue_diff_21d"": 0.051047, ""fatigue_diff_28d"": -0.319215, ""days_rest_diff"": -0.023489, ""h2h_surface_diff"": -0.0, ""ace_rate_diff"": 0.000449, ""df_rate_diff"": -0.090631, ""serve_dominance_diff"": -0.337124, ""return_dominance_diff"": -0.297723, ""first_in_pct_diff"": 0.017082, ""first_won_pct_diff"": 0.014235, ""second_won_pct_diff"": 0.031142, ""height_diff"": 0.044106}",2026-05-08T01:16:17+00:00,0.0,False,-0.14,-0.148428
2026-05-07T03:14:07+00:00,KXATPCHALLENGERMATCH-26MAY07WALMCC,kalshi::KXATPCHALLENGERMATCH-26MAY07WALMCC-MCC,https://kalshi.com/markets/kxatpchallengermatch/kxatpchallengermatch-26may07walmcc,Adam Walton,W09E,James McCabe,M0OQ,Wuxi,Hard,C,2026-05-07,,,0.642683968047868,0.381219343101811,0.73,0.72,0.28,0.27,kalshi::KXATPCHALLENGERMATCH-26MAY07WALMCC-MCC,YES,James McCabe,M0OQ,0.28,0.381219343101811,0.101219343101811,0.014112,"{""rank_ratio_a"": -0.025065, ""surface_win_rate_diff"": 0.023769, ""recent_form_diff"": -0.000786, ""fatigue_diff_21d"": 0.060791, ""fatigue_diff_28d"": -0.325197, ""days_rest_diff"": -0.003619, ""h2h_surface_diff"": -0.131708, ""ace_rate_diff"": 0.026196, ""df_rate_diff"": -0.026157, ""serve_dominance_diff"": -0.087306, ""return_dominance_diff"": 0.051093, ""first_in_pct_diff"": -0.001219, ""first_won_pct_diff"": -0.003456, ""second_won_pct_diff"": 0.024911, ""height_diff"": 0.020053}",2026-05-08T01:16:17+00:00,0.0,False,-0.28,-0.294112
2026-05-08T01:15:59+00:00,KXATPCHALLENGERMATCH-26MAY08SEGCLA,kalshi::KXATPCHALLENGERMATCH-26MAY08SEGCLA-CLA,https://kalshi.com/markets/kxatpchallengermatch/kxatpchallengermatch-26may08segcla,Ryan Seggerman,S0DL,Jay Clarke,CI14,Francavilla,Clay,C,2026-05-08,,,0.4791458817990988,0.4139835491350159,0.33,0.3,0.7,0.69,kalshi::KXATPCHALLENGERMATCH-26MAY08SEGCLA-CLA,NO,Ryan Seggerman,S0DL,0.31,0.5860164508649841,0.276016450864984,0.014973,"{""rank_ratio_a"": -0.474812, ""surface_win_rate_diff"": 0.003506, ""recent_form_diff"": -0.000786, ""fatigue_diff_21d"": 0.005893, ""fatigue_diff_28d"": -0.029935, ""days_rest_diff"": 0.000165, ""h2h_surface_diff"": -0.0, ""ace_rate_diff"": 0.053987, ""df_rate_diff"": 0.092765, ""serve_dominance_diff"": 0.384341, ""return_dominance_diff"": -0.062626, ""first_in_pct_diff"": 0.010833, ""first_won_pct_diff"": -0.009032, ""second_won_pct_diff"": -0.005879, ""height_diff"": 0.040097}",2026-05-08T22:26:31+00:00,0.0,True,0.69,0.6750269999999999
2026-05-08T01:15:59+00:00,KXATPCHALLENGERMATCH-26MAY08NOGCUI,kalshi::KXATPCHALLENGERMATCH-26MAY08NOGCUI-NOG,https://kalshi.com/markets/kxatpchallengermatch/kxatpchallengermatch-26may08nogcui,Rio Noguchi,N09U,Jie Cui,C0AJ,Wuxi,Hard,C,2026-05-08,,,0.692455806824921,0.3508337099072511,0.61,0.6,0.4,0.38,kalshi::KXATPCHALLENGERMATCH-26MAY08NOGCUI-NOG,YES,Rio Noguchi,N09U,0.61,0.692455806824921,0.082455806824921,0.016653,"{""rank_ratio_a"": 0.191917, ""surface_win_rate_diff"": 0.090233, ""recent_form_diff"": 0.000519, ""fatigue_diff_21d"": -0.030147, ""fatigue_diff_28d"": 0.166362, ""days_rest_diff"": 0.000165, ""h2h_surface_diff"": 0.129433, ""ace_rate_diff"": -0.022806, ""df_rate_diff"": 0.019778, ""serve_dominance_diff"": -0.050082, ""return_dominance_diff"": 0.286156, ""first_in_pct_diff"": 0.004989, ""first_won_pct_diff"": 0.003854, ""second_won_pct_diff"": -0.001608, ""height_diff"": -0.060122}",2026-05-08T22:26:31+00:00,0.0,False,-0.61,-0.626653
2026-05-08T01:15:59+00:00,KXATPCHALLENGERMATCH-26MAY08HEIKRU,kalshi::KXATPCHALLENGERMATCH-26MAY08HEIKRU-KRU,https://kalshi.com/markets/kxatpchallengermatch/kxatpchallengermatch-26may08heikru,Martin Krumich,K0FY,Gustavo Heide,H0DU,Francavilla,Clay,C,2026-05-08,,,0.4237737988250103,0.6020582533745691,0.27,0.25,0.74,0.73,kalshi::KXATPCHALLENGERMATCH-26MAY08HEIKRU-KRU,YES,Martin Krumich,K0FY,0.27,0.4237737988250103,0.1537737988250103,0.013797,"{""rank_ratio_a"": 0.052762, ""surface_win_rate_diff"": -0.077942, ""recent_form_diff"": -0.001047, ""fatigue_diff_21d"": -0.025013, ""fatigue_diff_28d"": 0.019547, ""days_rest_diff"": 0.000165, ""h2h_surface_diff"": -0.0, ""ace_rate_diff"": 0.003263, ""df_rate_diff"": 0.135032, ""serve_dominance_diff"": -0.039736, ""return_dominance_diff"": -0.288834, ""first_in_pct_diff"": 0.013005, ""first_won_pct_diff"": 0.004391, ""second_won_pct_diff"": 0.007612, ""height_diff"": -0.012017}",2026-05-08T22:26:31+00:00,0.0,False,-0.27,-0.283797
2026-05-08T01:15:59+00:00,KXATPCHALLENGERMATCH-26MAY08WALYUN,kalshi::KXATPCHALLENGERMATCH-26MAY08WALYUN-WAL,https://kalshi.com/markets/kxatpchallengermatch/kxatpchallengermatch-26may08walyun,Yunchaokete Bu,Y09V,Adam Walton,W09E,Wuxi,Hard,C,2026-05-08,,,0.4658800681820401,0.5548132453024658,0.53,0.52,0.48,0.47,kalshi::KXATPCHALLENGERMATCH-26MAY08WALYUN-WAL,YES,Adam Walton,W09E,0.48,0.5548132453024658,0.0748132453024658,0.017472,"{""rank_ratio_a"": 0.159706, ""surface_win_rate_diff"": -0.012935, ""recent_form_diff"": -3e-06, ""fatigue_diff_21d"": -0.023023, ""fatigue_diff_28d"": 0.18485, ""days_rest_diff"": 0.000165, ""h2h_surface_diff"": -0.001137, ""ace_rate_diff"": 0.002868, ""df_rate_diff"": -0.007061, ""serve_dominance_diff"": -0.038993, ""return_dominance_diff"": 0.014313, ""first_in_pct_diff"": 0.006711, ""first_won_pct_diff"": 0.007114, ""second_won_pct_diff"": -0.01002, ""height_diff"": -0.008008}",2026-05-08T22:26:31+00:00,0.0,False,-0.48,-0.49747199999999997
2026-05-08T01:15:59+00:00,KXATPCHALLENGERMATCH-26MAY08KWONSAN,kalshi::KXATPCHALLENGERMATCH-26MAY08KWONSAN-SAN,https://kalshi.com/markets/kxatpchallengermatch/kxatpchallengermatch-26may08kwonsan,Akira Santillan,SQ80,Soonwoo Kwon,KF17,Wuxi,Hard,C,2026-05-08,,,0.362659124059617,0.6941976200353164,0.17,0.16,0.86,0.85,kalshi::KXATPCHALLENGERMATCH-26MAY08KWONSAN-SAN,YES,Akira Santillan,SQ80,0.17,0.362659124059617,0.1926591240596169,0.009877,"{""rank_ratio_a"": 0.139041, ""surface_win_rate_diff"": -0.076842, ""recent_form_diff"": -0.000525, ""fatigue_diff_21d"": 0.043609, ""fatigue_diff_28d"": -0.280608, ""days_rest_diff"": 0.000165, ""h2h_surface_diff"": -0.0, ""ace_rate_diff"": -0.020338, ""df_rate_diff"": 0.05907, ""serve_dominance_diff"": -0.325577, ""return_dominance_diff"": -0.083662, ""first_in_pct_diff"": 0.019467, ""first_won_pct_diff"": 0.016646, ""second_won_pct_diff"": 0.021061, ""height_diff"": 9e-06}",2026-05-08T22:26:31+00:00,0.0,False,-0.17,-0.179877
2026-05-08T01:15:59+00:00,KXATPCHALLENGERMATCH-26MAY08LAJSWE,kalshi::KXATPCHALLENGERMATCH-26MAY08LAJSWE-SWE,https://kalshi.com/markets/kxatpchallengermatch/kxatpchallengermatch-26may08lajswe,Dane Sweeny,S0IA,Mark Lajal,L0GH,Wuxi,Hard,C,2026-05-08,,,0.4792599885211419,0.5428326836856265,0.38,0.37,0.63,0.62,kalshi::KXATPCHALLENGERMATCH-26MAY08LAJSWE-SWE,YES,Dane Sweeny,S0IA,0.38,0.4792599885211419,0.0992599885211418,0.016492,"{""rank_ratio_a"": 0.14788, ""surface_win_rate_diff"": 0.018516, ""recent_form_diff"": -0.000525, ""fatigue_diff_21d"": 0.027684, ""fatigue_diff_28d"": -0.030479, ""days_rest_diff"": 0.000165, ""h2h_surface_diff"": -0.0, ""ace_rate_diff"": -0.040255, ""df_rate_diff"": 0.035638, ""serve_dominance_diff"": -0.082209, ""return_dominance_diff"": 0.021741, ""first_in_pct_diff"": 0.006694, ""first_won_pct_diff"": 0.01146, ""second_won_pct_diff"": -0.023196, ""height_diff"": -0.084175}",2026-05-08T22:26:31+00:00,0.0,False,-0.38,-0.396492
2026-05-08T22:26:14+00:00,KXATPCHALLENGERMATCH-26MAY09YUNCUI,kalshi::KXATPCHALLENGERMATCH-26MAY09YUNCUI-CUI,https://kalshi.com/markets/kxatpchallengermatch/kxatpchallengermatch-26may09yuncui,Yunchaokete Bu,Y09V,Jie Cui,C0AJ,Wuxi,Hard,C,2026-05-09,,,0.7712918938375468,0.2925990662840906,0.82,0.81,0.19,0.18,kalshi::KXATPCHALLENGERMATCH-26MAY09YUNCUI-CUI,YES,Jie Cui,C0AJ,0.19,0.2925990662840906,0.1025990662840906,0.010773,"{""rank_ratio_a"": -0.104664, ""surface_win_rate_diff"": -0.093238, ""recent_form_diff"": -0.001047, ""fatigue_diff_21d"": 0.055552, ""fatigue_diff_28d"": -0.359997, ""days_rest_diff"": -0.001727, ""h2h_surface_diff"": -0.0, ""ace_rate_diff"": -0.047228, ""df_rate_diff"": -0.015627, ""serve_dominance_diff"": -0.340041, ""return_dominance_diff"": -0.013265, ""first_in_pct_diff"": 0.005821, ""first_won_pct_diff"": 0.014786, ""second_won_pct_diff"": 0.005641, ""height_diff"": -0.008008}",2026-05-09T17:07:13+00:00,0.0,False,-0.19,-0.200773
2026-05-09T05:38:19+00:00,KXATPCHALLENGERMATCH-26MAY09MIGCAS,kalshi::KXATPCHALLENGERMATCH-26MAY09MIGCAS-CAS,https://kalshi.com/markets/kxatpchallengermatch/kxatpchallengermatch-26may09migcas,"Luis ""Guto"" Miguel",M0WY,Hernan Casanova,CG07,Santos,Clay,C,2026-05-09,,,0.3001989140049502,0.7497873386549376,0.45,0.43,0.57,0.56,kalshi::KXATPCHALLENGERMATCH-26MAY09MIGCAS-CAS,YES,Hernan Casanova,CG07,0.57,0.7497873386549376,0.1797873386549376,0.017157,"{""rank_ratio_a"": 0.213864, ""surface_win_rate_diff"": -0.0, ""recent_form_diff"": 0.00078, ""fatigue_diff_21d"": 0.000131, ""fatigue_diff_28d"": 0.046735, ""days_rest_diff"": 0.165741, ""h2h_surface_diff"": -0.0, ""ace_rate_diff"": -0.005323, ""df_rate_diff"": 0.089404, ""serve_dominance_diff"": 0.216935, ""return_dominance_diff"": 0.229864, ""first_in_pct_diff"": 0.01312, ""first_won_pct_diff"": 0.003045, ""second_won_pct_diff"": -0.039011, ""height_diff"": -0.008008}",2026-05-09T17:07:13+00:00,1.0,True,0.43000000000000005,0.41284300000000007
2026-05-09T05:38:19+00:00,KXATPCHALLENGERMATCH-26MAY09BAXRIB,kalshi::KXATPCHALLENGERMATCH-26MAY09BAXRIB-RIB,https://kalshi.com/markets/kxatpchallengermatch/kxatpchallengermatch-26may09baxrib,Franco Ribero,R0BF,Florent Bax,B0BU,Brazzaville,Clay,C,2026-05-09,,,0.2976548278637512,0.7315805006345802,0.15,0.13,0.87,0.86,kalshi::KXATPCHALLENGERMATCH-26MAY09BAXRIB-RIB,YES,Franco Ribero,R0BF,0.15,0.2976548278637512,0.1476548278637512,0.008925,"{""rank_ratio_a"": -0.226871, ""surface_win_rate_diff"": -0.0, ""recent_form_diff"": -0.000786, ""fatigue_diff_21d"": 0.077449, ""fatigue_diff_28d"": -0.323022, ""days_rest_diff"": -0.014973, ""h2h_surface_diff"": -0.0, ""ace_rate_diff"": -0.04601, ""df_rate_diff"": 0.019456, ""serve_dominance_diff"": -0.581574, ""return_dominance_diff"": 0.181756, ""first_in_pct_diff"": -0.005006, ""first_won_pct_diff"": 0.015309, ""second_won_pct_diff"": 0.024223, ""height_diff"": 0.012036}",2026-05-09T17:07:13+00:00,0.0,False,-0.15,-0.15892499999999998
2026-05-09T05:38:19+00:00,KXATPCHALLENGERMATCH-26MAY09SEGDIA,kalshi::KXATPCHALLENGERMATCH-26MAY09SEGDIA-DIA,https://kalshi.com/markets/kxatpchallengermatch/kxatpchallengermatch-26may09segdia,Ryan Seggerman,S0DL,Facundo Diaz Acosta,D0CG,Francavilla,Clay,C,2026-05-09,,,0.3842205890905165,0.5945785008731228,0.2,0.19,0.81,0.8,kalshi::KXATPCHALLENGERMATCH-26MAY09SEGDIA-DIA,NO,Ryan Seggerman,S0DL,0.1999999999999999,0.4054214991268772,0.2054214991268772,0.0112,"{""rank_ratio_a"": -0.19691, ""surface_win_rate_diff"": -0.0, ""recent_form_diff"": -0.00183, ""fatigue_diff_21d"": 0.000131, ""fatigue_diff_28d"": -2.8e-05, ""days_rest_diff"": -0.225019, ""h2h_surface_diff"": -0.0, ""ace_rate_diff"": 0.0, ""df_rate_diff"": -0.0, ""serve_dominance_diff"": -0.0, ""return_dominance_diff"": 0.0, ""first_in_pct_diff"": 0.0, ""first_won_pct_diff"": -0.0, ""second_won_pct_diff"": 0.0, ""height_diff"": 0.040097}",2026-05-09T17:07:13+00:00,1.0,False,-0.1999999999999999,-0.2111999999999999
2026-05-09T05:38:19+00:00,KXATPCHALLENGERMATCH-26MAY09HEIHOL,kalshi::KXATPCHALLENGERMATCH-26MAY09HEIHOL-HOL,https://kalshi.com/markets/kxatpchallengermatch/kxatpchallengermatch-26may09heihol,August Holmgren,H09N,Gustavo Heide,H0DU,Francavilla,Clay,C,2026-05-09,,,0.4778199277293316,0.5403073755036149,0.22,0.21,0.79,0.78,kalshi::KXATPCHALLENGERMATCH-26MAY09HEIHOL-HOL,YES,August Holmgren,H09N,0.22,0.4778199277293316,0.2578199277293316,0.012012,"{""rank_ratio_a"": 0.166591, ""surface_win_rate_diff"": -0.26478, ""recent_form_diff"": -0.000525, ""fatigue_diff_21d"": -0.038947, ""fatigue_diff_28d"": 0.338734, ""days_rest_diff"": 0.014357, ""h2h_surface_diff"": -0.0, ""ace_rate_diff"": 0.073905, ""df_rate_diff"": 0.053622, ""serve_dominance_diff"": 0.289108, ""return_dominance_diff"": -0.623181, ""first_in_pct_diff"": 0.011422, ""first_won_pct_diff"": -0.008209, ""second_won_pct_diff"": 0.003511, ""height_diff"": -0.012017}",2026-05-09T17:07:13+00:00,0.0,False,-0.22,-0.232012
2026-05-08T22:26:14+00:00,KXATPCHALLENGERMATCH-26MAY09YUNCUI,kalshi::KXATPCHALLENGERMATCH-26MAY09YUNCUI-CUI,https://kalshi.com/markets/kxatpchallengermatch/kxatpchallengermatch-26may09yuncui,Yunchaokete Bu,Y09V,Jie Cui,C0AJ,Wuxi,Hard,C,2026-05-09,,,0.7712918938375468,0.2925990662840906,0.82,0.81,0.19,0.18,kalshi::KXATPCHALLENGERMATCH-26MAY09YUNCUI-CUI,YES,Jie Cui,C0AJ,0.19,0.2925990662840906,0.1025990662840906,0.010773,"{""rank_ratio_a"": -0.104664, ""surface_win_rate_diff"": -0.093238, ""recent_form_diff"": -0.001047, ""fatigue_diff_21d"": 0.055552, ""fatigue_diff_28d"": -0.359997, ""days_rest_diff"": -0.001727, ""h2h_surface_diff"": -0.0, ""ace_rate_diff"": -0.047228, ""df_rate_diff"": -0.015627, ""serve_dominance_diff"": -0.340041, ""return_dominance_diff"": -0.013265, ""first_in_pct_diff"": 0.005821, ""first_won_pct_diff"": 0.014786, ""second_won_pct_diff"": 0.005641, ""height_diff"": -0.008008}",2026-05-09T17:08:35+00:00,0.0,False,-0.19,-0.200773
2026-05-09T05:38:19+00:00,KXATPCHALLENGERMATCH-26MAY09MIGCAS,kalshi::KXATPCHALLENGERMATCH-26MAY09MIGCAS-CAS,https://kalshi.com/markets/kxatpchallengermatch/kxatpchallengermatch-26may09migcas,"Luis ""Guto"" Miguel",M0WY,Hernan Casanova,CG07,Santos,Clay,C,2026-05-09,,,0.3001989140049502,0.7497873386549376,0.45,0.43,0.57,0.56,kalshi::KXATPCHALLENGERMATCH-26MAY09MIGCAS-CAS,YES,Hernan Casanova,CG07,0.57,0.7497873386549376,0.1797873386549376,0.017157,"{""rank_ratio_a"": 0.213864, ""surface_win_rate_diff"": -0.0, ""recent_form_diff"": 0.00078, ""fatigue_diff_21d"": 0.000131, ""fatigue_diff_28d"": 0.046735, ""days_rest_diff"": 0.165741, ""h2h_surface_diff"": -0.0, ""ace_rate_diff"": -0.005323, ""df_rate_diff"": 0.089404, ""serve_dominance_diff"": 0.216935, ""return_dominance_diff"": 0.229864, ""first_in_pct_diff"": 0.01312, ""first_won_pct_diff"": 0.003045, ""second_won_pct_diff"": -0.039011, ""height_diff"": -0.008008}",2026-05-09T17:08:35+00:00,1.0,True,0.43000000000000005,0.41284300000000007
2026-05-09T05:38:19+00:00,KXATPCHALLENGERMATCH-26MAY09BAXRIB,kalshi::KXATPCHALLENGERMATCH-26MAY09BAXRIB-RIB,https://kalshi.com/markets/kxatpchallengermatch/kxatpchallengermatch-26may09baxrib,Franco Ribero,R0BF,Florent Bax,B0BU,Brazzaville,Clay,C,2026-05-09,,,0.2976548278637512,0.7315805006345802,0.15,0.13,0.87,0.86,kalshi::KXATPCHALLENGERMATCH-26MAY09BAXRIB-RIB,YES,Franco Ribero,R0BF,0.15,0.2976548278637512,0.1476548278637512,0.008925,"{""rank_ratio_a"": -0.226871, ""surface_win_rate_diff"": -0.0, ""recent_form_diff"": -0.000786, ""fatigue_diff_21d"": 0.077449, ""fatigue_diff_28d"": -0.323022, ""days_rest_diff"": -0.014973, ""h2h_surface_diff"": -0.0, ""ace_rate_diff"": -0.04601, ""df_rate_diff"": 0.019456, ""serve_dominance_diff"": -0.581574, ""return_dominance_diff"": 0.181756, ""first_in_pct_diff"": -0.005006, ""first_won_pct_diff"": 0.015309, ""second_won_pct_diff"": 0.024223, ""height_diff"": 0.012036}",2026-05-09T17:08:35+00:00,0.0,False,-0.15,-0.15892499999999998
2026-05-09T05:38:19+00:00,KXATPCHALLENGERMATCH-26MAY09SEGDIA,kalshi::KXATPCHALLENGERMATCH-26MAY09SEGDIA-DIA,https://kalshi.com/markets/kxatpchallengermatch/kxatpchallengermatch-26may09segdia,Ryan Seggerman,S0DL,Facundo Diaz Acosta,D0CG,Francavilla,Clay,C,2026-05-09,,,0.3842205890905165,0.5945785008731228,0.2,0.19,0.81,0.8,kalshi::KXATPCHALLENGERMATCH-26MAY09SEGDIA-DIA,NO,Ryan Seggerman,S0DL,0.1999999999999999,0.4054214991268772,0.2054214991268772,0.0112,"{""rank_ratio_a"": -0.19691, ""surface_win_rate_diff"": -0.0, ""recent_form_diff"": -0.00183, ""fatigue_diff_21d"": 0.000131, ""fatigue_diff_28d"": -2.8e-05, ""days_rest_diff"": -0.225019, ""h2h_surface_diff"": -0.0, ""ace_rate_diff"": 0.0, ""df_rate_diff"": -0.0, ""serve_dominance_diff"": -0.0, ""return_dominance_diff"": 0.0, ""first_in_pct_diff"": 0.0, ""first_won_pct_diff"": -0.0, ""second_won_pct_diff"": 0.0, ""height_diff"": 0.040097}",2026-05-09T17:08:35+00:00,1.0,False,-0.1999999999999999,-0.2111999999999999
2026-05-09T05:38:19+00:00,KXATPCHALLENGERMATCH-26MAY09HEIHOL,kalshi::KXATPCHALLENGERMATCH-26MAY09HEIHOL-HOL,https://kalshi.com/markets/kxatpchallengermatch/kxatpchallengermatch-26may09heihol,August Holmgren,H09N,Gustavo Heide,H0DU,Francavilla,Clay,C,2026-05-09,,,0.4778199277293316,0.5403073755036149,0.22,0.21,0.79,0.78,kalshi::KXATPCHALLENGERMATCH-26MAY09HEIHOL-HOL,YES,August Holmgren,H09N,0.22,0.4778199277293316,0.2578199277293316,0.012012,"{""rank_ratio_a"": 0.166591, ""surface_win_rate_diff"": -0.26478, ""recent_form_diff"": -0.000525, ""fatigue_diff_21d"": -0.038947, ""fatigue_diff_28d"": 0.338734, ""days_rest_diff"": 0.014357, ""h2h_surface_diff"": -0.0, ""ace_rate_diff"": 0.073905, ""df_rate_diff"": 0.053622, ""serve_dominance_diff"": 0.289108, ""return_dominance_diff"": -0.623181, ""first_in_pct_diff"": 0.011422, ""first_won_pct_diff"": -0.008209, ""second_won_pct_diff"": 0.003511, ""height_diff"": -0.012017}",2026-05-09T17:08:35+00:00,0.0,False,-0.22,-0.232012
2026-05-08T22:26:14+00:00,KXATPCHALLENGERMATCH-26MAY09YUNCUI,kalshi::KXATPCHALLENGERMATCH-26MAY09YUNCUI-CUI,https://kalshi.com/markets/kxatpchallengermatch/kxatpchallengermatch-26may09yuncui,Yunchaokete Bu,Y09V,Jie Cui,C0AJ,Wuxi,Hard,C,2026-05-09,,,0.7712918938375468,0.2925990662840906,0.82,0.81,0.19,0.18,kalshi::KXATPCHALLENGERMATCH-26MAY09YUNCUI-CUI,YES,Jie Cui,C0AJ,0.19,0.2925990662840906,0.1025990662840906,0.010773,"{""rank_ratio_a"": -0.104664, ""surface_win_rate_diff"": -0.093238, ""recent_form_diff"": -0.001047, ""fatigue_diff_21d"": 0.055552, ""fatigue_diff_28d"": -0.359997, ""days_rest_diff"": -0.001727, ""h2h_surface_diff"": -0.0, ""ace_rate_diff"": -0.047228, ""df_rate_diff"": -0.015627, ""serve_dominance_diff"": -0.340041, ""return_dominance_diff"": -0.013265, ""first_in_pct_diff"": 0.005821, ""first_won_pct_diff"": 0.014786, ""second_won_pct_diff"": 0.005641, ""height_diff"": -0.008008}",2026-05-12T00:42:01+00:00,0.0,False,-0.19,-0.200773
2026-05-09T05:38:19+00:00,KXATPCHALLENGERMATCH-26MAY09PDARON,kalshi::KXATPCHALLENGERMATCH-26MAY09PDARON-PDA,https://kalshi.com/markets/kxatpchallengermatch/kxatpchallengermatch-26may09pdaron,Matheus Pucinelli De Almeida,P0DF,Franco Roncadelli,R0BT,Santos,Clay,C,2026-05-09,,,0.4255112464197996,0.6071503380395582,0.66,0.63,,,kalshi::KXATPCHALLENGERMATCH-26MAY09PDARON-PDA,NO,Franco Roncadelli,R0BT,0.37,0.5744887535802004,0.2044887535802003,0.016317,"{""rank_ratio_a"": 0.137513, ""surface_win_rate_diff"": 0.029851, ""recent_form_diff"": 0.00078, ""fatigue_diff_21d"": -0.013384, ""fatigue_diff_28d"": 0.146243, ""days_rest_diff"": 0.080588, ""h2h_surface_diff"": -0.0, ""ace_rate_diff"": -0.018446, ""df_rate_diff"": 0.078029, ""serve_dominance_diff"": -0.057525, ""return_dominance_diff"": 0.040199, ""first_in_pct_diff"": 0.015198, ""first_won_pct_diff"": 0.006716, ""second_won_pct_diff"": -0.005855, ""height_diff"": 0.008027}",2026-05-12T00:42:01+00:00,0.0,True,0.63,0.613683
2026-05-09T05:38:19+00:00,KXATPCHALLENGERMATCH-26MAY09HEMMAR,kalshi::KXATPCHALLENGERMATCH-26MAY09HEMMAR-MAR,https://kalshi.com/markets/kxatpchallengermatch/kxatpchallengermatch-26may09hemmar,Ivan Marrero Curbelo,M09M,Calvin Hemery,HB48,Brazzaville,Clay,C,2026-05-09,,,0.3843470096933264,0.6588408162632751,0.19,0.17,0.83,0.82,kalshi::KXATPCHALLENGERMATCH-26MAY09HEMMAR-MAR,YES,Ivan Marrero Curbelo,M09M,0.19,0.3843470096933264,0.1943470096933264,0.010773,"{""rank_ratio_a"": 0.074106, ""surface_win_rate_diff"": -0.037051, ""recent_form_diff"": -0.000525, ""fatigue_diff_21d"": 0.071791, ""fatigue_diff_28d"": -0.37196, ""days_rest_diff"": -0.001727, ""h2h_surface_diff"": -0.0, ""ace_rate_diff"": -0.095061, ""df_rate_diff"": 0.02189, ""serve_dominance_diff"": -0.436347, ""return_dominance_diff"": 0.426556, ""first_in_pct_diff"": 0.005307, ""first_won_pct_diff"": 0.023069, ""second_won_pct_diff"": -0.018928, ""height_diff"": -0.044087}",2026-05-12T00:42:01+00:00,0.0,False,-0.19,-0.200773
2026-05-09T05:38:19+00:00,KXATPCHALLENGERMATCH-26MAY09MIGCAS,kalshi::KXATPCHALLENGERMATCH-26MAY09MIGCAS-CAS,https://kalshi.com/markets/kxatpchallengermatch/kxatpchallengermatch-26may09migcas,"Luis ""Guto"" Miguel",M0WY,Hernan Casanova,CG07,Santos,Clay,C,2026-05-09,,,0.3001989140049502,0.7497873386549376,0.45,0.43,0.57,0.56,kalshi::KXATPCHALLENGERMATCH-26MAY09MIGCAS-CAS,YES,Hernan Casanova,CG07,0.57,0.7497873386549376,0.1797873386549376,0.017157,"{""rank_ratio_a"": 0.213864, ""surface_win_rate_diff"": -0.0, ""recent_form_diff"": 0.00078, ""fatigue_diff_21d"": 0.000131, ""fatigue_diff_28d"": 0.046735, ""days_rest_diff"": 0.165741, ""h2h_surface_diff"": -0.0, ""ace_rate_diff"": -0.005323, ""df_rate_diff"": 0.089404, ""serve_dominance_diff"": 0.216935, ""return_dominance_diff"": 0.229864, ""first_in_pct_diff"": 0.01312, ""first_won_pct_diff"": 0.003045, ""second_won_pct_diff"": -0.039011, ""height_diff"": -0.008008}",2026-05-12T00:42:01+00:00,1.0,True,0.43000000000000005,0.41284300000000007
2026-05-09T05:38:19+00:00,KXATPCHALLENGERMATCH-26MAY09BAXRIB,kalshi::KXATPCHALLENGERMATCH-26MAY09BAXRIB-RIB,https://kalshi.com/markets/kxatpchallengermatch/kxatpchallengermatch-26may09baxrib,Franco Ribero,R0BF,Florent Bax,B0BU,Brazzaville,Clay,C,2026-05-09,,,0.2976548278637512,0.7315805006345802,0.15,0.13,0.87,0.86,kalshi::KXATPCHALLENGERMATCH-26MAY09BAXRIB-RIB,YES,Franco Ribero,R0BF,0.15,0.2976548278637512,0.1476548278637512,0.008925,"{""rank_ratio_a"": -0.226871, ""surface_win_rate_diff"": -0.0, ""recent_form_diff"": -0.000786, ""fatigue_diff_21d"": 0.077449, ""fatigue_diff_28d"": -0.323022, ""days_rest_diff"": -0.014973, ""h2h_surface_diff"": -0.0, ""ace_rate_diff"": -0.04601, ""df_rate_diff"": 0.019456, ""serve_dominance_diff"": -0.581574, ""return_dominance_diff"": 0.181756, ""first_in_pct_diff"": -0.005006, ""first_won_pct_diff"": 0.015309, ""second_won_pct_diff"": 0.024223, ""height_diff"": 0.012036}",2026-05-12T00:42:01+00:00,0.0,False,-0.15,-0.15892499999999998
2026-05-09T05:38:19+00:00,KXATPCHALLENGERMATCH-26MAY09SEGDIA,kalshi::KXATPCHALLENGERMATCH-26MAY09SEGDIA-DIA,https://kalshi.com/markets/kxatpchallengermatch/kxatpchallengermatch-26may09segdia,Ryan Seggerman,S0DL,Facundo Diaz Acosta,D0CG,Francavilla,Clay,C,2026-05-09,,,0.3842205890905165,0.5945785008731228,0.2,0.19,0.81,0.8,kalshi::KXATPCHALLENGERMATCH-26MAY09SEGDIA-DIA,NO,Ryan Seggerman,S0DL,0.1999999999999999,0.4054214991268772,0.2054214991268772,0.0112,"{""rank_ratio_a"": -0.19691, ""surface_win_rate_diff"": -0.0, ""recent_form_diff"": -0.00183, ""fatigue_diff_21d"": 0.000131, ""fatigue_diff_28d"": -2.8e-05, ""days_rest_diff"": -0.225019, ""h2h_surface_diff"": -0.0, ""ace_rate_diff"": 0.0, ""df_rate_diff"": -0.0, ""serve_dominance_diff"": -0.0, ""return_dominance_diff"": 0.0, ""first_in_pct_diff"": 0.0, ""first_won_pct_diff"": -0.0, ""second_won_pct_diff"": 0.0, ""height_diff"": 0.040097}",2026-05-12T00:42:01+00:00,1.0,False,-0.1999999999999999,-0.2111999999999999
2026-05-09T05:38:19+00:00,KXATPCHALLENGERMATCH-26MAY09HEIHOL,kalshi::KXATPCHALLENGERMATCH-26MAY09HEIHOL-HOL,https://kalshi.com/markets/kxatpchallengermatch/kxatpchallengermatch-26may09heihol,August Holmgren,H09N,Gustavo Heide,H0DU,Francavilla,Clay,C,2026-05-09,,,0.4778199277293316,0.5403073755036149,0.22,0.21,0.79,0.78,kalshi::KXATPCHALLENGERMATCH-26MAY09HEIHOL-HOL,YES,August Holmgren,H09N,0.22,0.4778199277293316,0.2578199277293316,0.012012,"{""rank_ratio_a"": 0.166591, ""surface_win_rate_diff"": -0.26478, ""recent_form_diff"": -0.000525, ""fatigue_diff_21d"": -0.038947, ""fatigue_diff_28d"": 0.338734, ""days_rest_diff"": 0.014357, ""h2h_surface_diff"": -0.0, ""ace_rate_diff"": 0.073905, ""df_rate_diff"": 0.053622, ""serve_dominance_diff"": 0.289108, ""return_dominance_diff"": -0.623181, ""first_in_pct_diff"": 0.011422, ""first_won_pct_diff"": -0.008209, ""second_won_pct_diff"": 0.003511, ""height_diff"": -0.012017}",2026-05-12T00:42:01+00:00,0.0,False,-0.22,-0.232012
2026-05-12T00:41:38+00:00,KXATPCHALLENGERMATCH-26MAY12SAKTSE,kalshi::KXATPCHALLENGERMATCH-26MAY12SAKTSE-TSE,https://kalshi.com/markets/kxatpchallengermatch/kxatpchallengermatch-26may12saktse,Chun-Hsin Tseng,T0AP,Pedro Sakamoto,SL94,Bordeaux Qualification,Clay,C,2026-05-12,2026-05-11T21:41:00+00:00,2026-05-12T12:30:00+00:00,0.6835526809768705,0.3467066301688515,0.5,0.42,,,kalshi::KXATPCHALLENGERMATCH-26MAY12SAKTSE-TSE,YES,Chun-Hsin Tseng,T0AP,0.5,0.6835526809768705,0.1835526809768705,0.0175,"{""rank_ratio_a"": 0.205755, ""surface_win_rate_diff"": 0.076003, ""recent_form_diff"": 0.000258, ""fatigue_diff_21d"": -0.041985, ""fatigue_diff_28d"": 0.156575, ""days_rest_diff"": 0.002057, ""h2h_surface_diff"": -0.0, ""ace_rate_diff"": -0.001157, ""df_rate_diff"": -0.013336, ""serve_dominance_diff"": 0.207078, ""return_dominance_diff"": 0.151433, ""first_in_pct_diff"": -0.006789, ""first_won_pct_diff"": -0.005342, ""second_won_pct_diff"": -0.019659, ""height_diff"": -0.012017}",2026-05-12T11:27:09+00:00,0.0,False,-0.5,-0.5175
2026-05-12T00:41:38+00:00,KXATPCHALLENGERMATCH-26MAY12BROMOL,kalshi::KXATPCHALLENGERMATCH-26MAY12BROMOL-BRO,https://kalshi.com/markets/kxatpchallengermatch/kxatpchallengermatch-26may12bromol,Alex Molcan,MV14,Jenson Brooksby,B0CD,Bordeaux,Clay,C,2026-05-12,2026-05-11T21:41:00+00:00,2026-05-12T12:30:00+00:00,0.6194979017003854,0.3832795573997582,0.69,0.68,0.32,0.31,kalshi::KXATPCHALLENGERMATCH-26MAY12BROMOL-BRO,YES,Jenson Brooksby,B0CD,0.32,0.3832795573997582,0.0632795573997582,0.015232,"{""rank_ratio_a"": 0.21035, ""surface_win_rate_diff"": -0.143569, ""recent_form_diff"": -0.001047, ""fatigue_diff_21d"": -0.010136, ""fatigue_diff_28d"": -0.132706, ""days_rest_diff"": 0.00395, ""h2h_surface_diff"": -0.0, ""ace_rate_diff"": -0.002071, ""df_rate_diff"": -0.012081, ""serve_dominance_diff"": -0.080499, ""return_dominance_diff"": -0.289342, ""first_in_pct_diff"": 0.000716, ""first_won_pct_diff"": 0.001789, ""second_won_pct_diff"": 0.006527, ""height_diff"": 0.060141}",2026-05-12T11:27:09+00:00,0.0,False,-0.32,-0.33523200000000003
2026-05-12T00:41:38+00:00,KXATPCHALLENGERMATCH-26MAY12MANGOM,kalshi::KXATPCHALLENGERMATCH-26MAY12MANGOM-MAN,https://kalshi.com/markets/kxatpchallengermatch/kxatpchallengermatch-26may12mangom,Skander Mansouri,ML73,Emilio Gomez,GA36,Tunis,Clay,C,2026-05-12,2026-05-11T21:11:00+00:00,2026-05-12T12:00:00+00:00,0.6915800591715329,0.3532651180849245,0.16,0.13,,,kalshi::KXATPCHALLENGERMATCH-26MAY12MANGOM-MAN,YES,Skander Mansouri,ML73,0.16,0.6915800591715329,0.5315800591715328,0.009408,"{""rank_ratio_a"": -0.001864, ""surface_win_rate_diff"": -0.0, ""recent_form_diff"": 0.00078, ""fatigue_diff_21d"": -0.011603, ""fatigue_diff_28d"": 0.060873, ""days_rest_diff"": 0.64544, ""h2h_surface_diff"": -0.0, ""ace_rate_diff"": 0.0, ""df_rate_diff"": -0.0, ""serve_dominance_diff"": -0.0, ""return_dominance_diff"": 0.0, ""first_in_pct_diff"": 0.0, ""first_won_pct_diff"": -0.0, ""second_won_pct_diff"": 0.0, ""height_diff"": 0.03208}",2026-05-12T11:27:09+00:00,0.0,False,-0.16,-0.169408
2026-05-12T00:41:38+00:00,KXATPCHALLENGERMATCH-26MAY12ARNMAY,kalshi::KXATPCHALLENGERMATCH-26MAY12ARNMAY-MAY,https://kalshi.com/markets/kxatpchallengermatch/kxatpchallengermatch-26may12arnmay,Harold Mayot,M0G4,Gilles Arnaud Bailly,B0QC,Tunis,Clay,C,2026-05-12,2026-05-11T21:11:00+00:00,2026-05-12T12:00:00+00:00,0.6081937956531003,0.423637831784615,0.42,0.39,0.61,0.59,kalshi::KXATPCHALLENGERMATCH-26MAY12ARNMAY-MAY,YES,Harold Mayot,M0G4,0.42,0.6081937956531003,0.1881937956531003,0.017052,"{""rank_ratio_a"": 0.150374, ""surface_win_rate_diff"": 0.075024, ""recent_form_diff"": 0.001041, ""fatigue_diff_21d"": 0.02056, ""fatigue_diff_28d"": -0.106062, ""days_rest_diff"": -0.097288, ""h2h_surface_diff"": -0.0, ""ace_rate_diff"": 0.052086, ""df_rate_diff"": -0.024991, ""serve_dominance_diff"": 0.298336, ""return_dominance_diff"": 0.083275, ""first_in_pct_diff"": 0.005518, ""first_won_pct_diff"": -0.011559, ""second_won_pct_diff"": 0.005028, ""height_diff"": 9e-06}",2026-05-12T11:27:09+00:00,0.0,False,-0.42,-0.437052
2026-05-12T00:41:38+00:00,KXATPCHALLENGERMATCH-26MAY12SANKOZ,kalshi::KXATPCHALLENGERMATCH-26MAY12SANKOZ-KOZ,https://kalshi.com/markets/kxatpchallengermatch/kxatpchallengermatch-26may12sankoz,Alejo Sanchez Quilez,S0XE,Stefan Kozlov,KE64,Valencia Qualification,Clay,C,2026-05-12,2026-05-11T20:41:00+00:00,2026-05-12T11:30:00+00:00,0.4074450391000206,0.6103991518258624,0.6,0.54,0.46,0.39,kalshi::KXATPCHALLENGERMATCH-26MAY12SANKOZ-KOZ,YES,Stefan Kozlov,KE64,0.46,0.6103991518258624,0.1503991518258623,0.017388,"{""rank_ratio_a"": 0.192416, ""surface_win_rate_diff"": -0.020726, ""recent_form_diff"": -0.000525, ""fatigue_diff_21d"": -0.026794, ""fatigue_diff_28d"": 0.200075, ""days_rest_diff"": 0.019088, ""h2h_surface_diff"": -0.0, ""ace_rate_diff"": 0.02592, ""df_rate_diff"": -0.060939, ""serve_dominance_diff"": 0.319541, ""return_dominance_diff"": -0.186573, ""first_in_pct_diff"": 0.000945, ""first_won_pct_diff"": -0.011516, ""second_won_pct_diff"": -0.004376, ""height_diff"": 0.012036}",2026-05-12T11:27:09+00:00,0.0,False,-0.46,-0.47738800000000003
2026-05-12T00:41:38+00:00,KXATPCHALLENGERMATCH-26MAY12BUDPAU,kalshi::KXATPCHALLENGERMATCH-26MAY12BUDPAU-BUD,https://kalshi.com/markets/kxatpchallengermatch/kxatpchallengermatch-26may12budpau,Jakub Paul,P0D0,Nicolai Budkov Kjaer,B0U4,Valencia Qualification,Clay,C,2026-05-12,2026-05-11T20:41:00+00:00,2026-05-12T11:30:00+00:00,0.3591354248251323,0.618967209387511,0.23,0.19,0.83,0.78,kalshi::KXATPCHALLENGERMATCH-26MAY12BUDPAU-BUD,NO,Tommy Paul,PL56,0.2199999999999999,0.3810327906124889,0.1610327906124889,0.012012,"{""rank_ratio_a"": 0.223573, ""surface_win_rate_diff"": 0.030611, ""recent_form_diff"": 0.000519, ""fatigue_diff_21d"": -0.015165, ""fatigue_diff_28d"": 0.079361, ""days_rest_diff"": 0.031388, ""h2h_surface_diff"": -0.0, ""ace_rate_diff"": 0.042075, ""df_rate_diff"": -0.059195, ""serve_dominance_diff"": 0.190494, ""return_dominance_diff"": -0.07705, ""first_in_pct_diff"": -0.00235, ""first_won_pct_diff"": -0.009826, ""second_won_pct_diff"": 0.008058, ""height_diff"": 0.044106}",2026-05-12T11:27:09+00:00,1.0,False,-0.2199999999999999,-0.23201199999999988
2026-05-12T00:41:38+00:00,KXATPCHALLENGERMATCH-26MAY12STRALV,kalshi::KXATPCHALLENGERMATCH-26MAY12STRALV-STR,https://kalshi.com/markets/kxatpchallengermatch/kxatpchallengermatch-26may12stralv,Jan-Lennard Struff,SL28,Nicolas Alvarez Varona,A09U,Valencia,Clay,C,2026-05-12,2026-05-11T20:41:00+00:00,2026-05-12T11:30:00+00:00,0.6553780771216591,0.2959851934456196,0.76,0.75,0.25,0.24,kalshi::KXATPCHALLENGERMATCH-26MAY12STRALV-STR,NO,Nicolas Alvarez Varona,A09U,0.25,0.3446219228783409,0.0946219228783409,0.013125,"{""rank_ratio_a"": -0.508415, ""surface_win_rate_diff"": -0.030929, ""recent_form_diff"": 0.000258, ""fatigue_diff_21d"": 0.014065, ""fatigue_diff_28d"": -0.072348, ""days_rest_diff"": -0.015919, ""h2h_surface_diff"": -0.0, ""ace_rate_diff"": -0.054353, ""df_rate_diff"": -0.029037, ""serve_dominance_diff"": -0.38216, ""return_dominance_diff"": 0.176485, ""first_in_pct_diff"": 0.009491, ""first_won_pct_diff"": 0.014399, ""second_won_pct_diff"": 0.019027, ""height_diff"": -0.020035}",2026-05-12T11:27:09+00:00,0.0,True,0.75,0.736875
2026-05-12T00:41:38+00:00,KXATPCHALLENGERMATCH-26MAY12DAMYME,kalshi::KXATPCHALLENGERMATCH-26MAY12DAMYME-YME,https://kalshi.com/markets/kxatpchallengermatch/kxatpchallengermatch-26may12damyme,Elias Ymer,Y218,Alex Bogomolov Jr.,B842,Bordeaux Qualification,Clay,C,2026-05-12,2026-05-11T20:40:00+00:00,2026-05-12T11:30:00+00:00,0.9999894554527872,0.0871043580062402,0.41,0.35,0.65,0.59,kalshi::KXATPCHALLENGERMATCH-26MAY12DAMYME-YME,YES,Elias Ymer,Y218,0.41,0.9999894554527872,0.5899894554527874,0.016933,"{""rank_ratio_a"": 0.121845, ""surface_win_rate_diff"": -0.0, ""recent_form_diff"": -0.0, ""fatigue_diff_21d"": 0.000131, ""fatigue_diff_28d"": -2.8e-05, ""days_rest_diff"": 6.244758, ""h2h_surface_diff"": -0.0, ""ace_rate_diff"": 0.0, ""df_rate_diff"": -0.0, ""serve_dominance_diff"": -0.0, ""return_dominance_diff"": 0.0, ""first_in_pct_diff"": 0.0, ""first_won_pct_diff"": -0.0, ""second_won_pct_diff"": 0.0, ""height_diff"": 0.028071}",2026-05-12T11:27:09+00:00,0.0,False,-0.41,-0.42693299999999995
2026-05-12T00:41:38+00:00,KXATPCHALLENGERMATCH-26MAY12SHIHAL,kalshi::KXATPCHALLENGERMATCH-26MAY12SHIHAL-SHI,https://kalshi.com/markets/kxatpchallengermatch/kxatpchallengermatch-26may12shihal,Sho Shimabukuro,SY67,Quentin Halys,HB64,Bordeaux,Clay,C,2026-05-12,2026-05-12T00:41:00+00:00,2026-05-12T15:30:00+00:00,0.634929902586333,0.4043074508895349,0.34,0.01,,,kalshi::KXATPCHALLENGERMATCH-26MAY12SHIHAL-SHI,YES,Sho Shimabukuro,SY67,0.34,0.634929902586333,0.2949299025863329,0.015708,"{""rank_ratio_a"": 0.106712, ""surface_win_rate_diff"": -0.0, ""recent_form_diff"": -3e-06, ""fatigue_diff_21d"": -0.038842, ""fatigue_diff_28d"": 0.364835, ""days_rest_diff"": 0.029496, ""h2h_surface_diff"": -0.0, ""ace_rate_diff"": -0.042966, ""df_rate_diff"": 0.017123, ""serve_dominance_diff"": -0.139067, ""return_dominance_diff"": 0.296841, ""first_in_pct_diff"": -0.003513, ""first_won_pct_diff"": 0.009076, ""second_won_pct_diff"": -0.016829, ""height_diff"": -0.044087}",2026-05-12T14:34:34+00:00,0.0,False,-0.34,-0.355708
2026-05-12T00:41:38+00:00,KXATPCHALLENGERMATCH-26MAY12CLAECH,kalshi::KXATPCHALLENGERMATCH-26MAY12CLAECH-ECH,https://kalshi.com/markets/kxatpchallengermatch/kxatpchallengermatch-26may12claech,Moez Echargui,EA13,Jay Clarke,CI14,Tunis,Clay,C,2026-05-12,2026-05-11T23:30:00+00:00,2026-05-12T14:20:00+00:00,0.4515294552453772,0.5692385110914429,0.38,0.36,0.64,0.62,kalshi::KXATPCHALLENGERMATCH-26MAY12CLAECH-ECH,YES,Moez Echargui,EA13,0.38,0.4515294552453772,0.0715294552453772,0.016492,"{""rank_ratio_a"": 0.169208, ""surface_win_rate_diff"": -0.123868, ""recent_form_diff"": -0.000264, ""fatigue_diff_21d"": 0.041723, ""fatigue_diff_28d"": -0.084311, ""days_rest_diff"": -0.00835, ""h2h_surface_diff"": -0.0, ""ace_rate_diff"": 0.018701, ""df_rate_diff"": 0.014027, ""serve_dominance_diff"": 0.18237, ""return_dominance_diff"": -0.253355, ""first_in_pct_diff"": -0.005934, ""first_won_pct_diff"": -0.002747, ""second_won_pct_diff"": -0.023817, ""height_diff"": -0.020035}",2026-05-12T14:34:34+00:00,0.0,False,-0.38,-0.396492
2026-05-12T00:41:38+00:00,KXATPCHALLENGERMATCH-26MAY12LAJOCO,kalshi::KXATPCHALLENGERMATCH-26MAY12LAJOCO-LAJ,https://kalshi.com/markets/kxatpchallengermatch/kxatpchallengermatch-26may12lajoco,Christopher O'Connell,O483,Dusan Lajovic,L987,Valencia,Clay,C,2026-05-12,2026-05-11T23:21:00+00:00,2026-05-12T14:10:00+00:00,0.3754907850687725,0.6750778162570639,0.43,0.4,0.6,0.57,kalshi::KXATPCHALLENGERMATCH-26MAY12LAJOCO-LAJ,YES,Dusan Lajovic,L987,0.6,0.6750778162570639,0.0750778162570638,0.0168,"{""rank_ratio_a"": 0.121896, ""surface_win_rate_diff"": 0.183332, ""recent_form_diff"": -3e-06, ""fatigue_diff_21d"": -0.028575, ""fatigue_diff_28d"": 0.254995, ""days_rest_diff"": 0.020034, ""h2h_surface_diff"": -0.131708, ""ace_rate_diff"": -0.05796, ""df_rate_diff"": 0.015453, ""serve_dominance_diff"": 0.004809, ""return_dominance_diff"": 0.28528, ""first_in_pct_diff"": 0.012695, ""first_won_pct_diff"": 0.008496, ""second_won_pct_diff"": -0.018043, ""height_diff"": 9e-06}",2026-05-12T14:34:34+00:00,1.0,True,0.4,0.38320000000000004
2026-05-12T00:41:38+00:00,KXATPCHALLENGERMATCH-26MAY12SKASQU,kalshi::KXATPCHALLENGERMATCH-26MAY12SKASQU-SQU,https://kalshi.com/markets/kxatpchallengermatch/kxatpchallengermatch-26may12skasqu,Henri Squire,S0AK,Timofey Skatov,S0GR,Valencia Qualification,Clay,C,2026-05-12,2026-05-11T23:11:00+00:00,2026-05-12T14:00:00+00:00,0.5127962401240589,0.5058304879913519,0.45,0.41,0.59,0.55,kalshi::KXATPCHALLENGERMATCH-26MAY12SKASQU-SQU,YES,Henri Squire,S0AK,0.45,0.5127962401240589,0.0627962401240588,0.017325,"{""rank_ratio_a"": 0.082686, ""surface_win_rate_diff"": 0.004927, ""recent_form_diff"": -0.000786, ""fatigue_diff_21d"": 0.035647, ""fatigue_diff_28d"": -0.234933, ""days_rest_diff"": 0.001111, ""h2h_surface_diff"": 0.129433, ""ace_rate_diff"": 0.030803, ""df_rate_diff"": -0.032061, ""serve_dominance_diff"": 0.035033, ""return_dominance_diff"": -0.050124, ""first_in_pct_diff"": 0.013523, ""first_won_pct_diff"": -0.001887, ""second_won_pct_diff"": 0.024465, ""height_diff"": 0.092211}",2026-05-12T14:34:34+00:00,1.0,True,0.55,0.532675
2026-05-12T00:41:38+00:00,KXATPCHALLENGERMATCH-26MAY12BLANAG,kalshi::KXATPCHALLENGERMATCH-26MAY12BLANAG-NAG,https://kalshi.com/markets/kxatpchallengermatch/kxatpchallengermatch-26may12blanag,Sumit Nagal,N897,Geoffrey Blancaneaux,BU54,Bordeaux Qualification,Clay,C,2026-05-12,2026-05-11T22:51:00+00:00,2026-05-12T13:40:00+00:00,0.6214657621120424,0.4139632798893106,0.57,0.51,0.49,0.43,kalshi::KXATPCHALLENGERMATCH-26MAY12BLANAG-NAG,YES,Sumit Nagal,N897,0.57,0.6214657621120424,0.0514657621120424,0.017157,"{""rank_ratio_a"": 0.135819, ""surface_win_rate_diff"": 0.031481, ""recent_form_diff"": -0.000264, ""fatigue_diff_21d"": 0.000131, ""fatigue_diff_28d"": -2.8e-05, ""days_rest_diff"": 0.018142, ""h2h_surface_diff"": -0.001137, ""ace_rate_diff"": -0.029618, ""df_rate_diff"": 0.052211, ""serve_dominance_diff"": -0.045664, ""return_dominance_diff"": 0.326828, ""first_in_pct_diff"": 0.014499, ""first_won_pct_diff"": 0.007794, ""second_won_pct_diff"": -0.007417, ""height_diff"": -0.008008}",2026-05-12T14:34:34+00:00,0.0,False,-0.57,-0.5871569999999999
2026-05-12T00:41:38+00:00,KXATPCHALLENGERMATCH-26MAY12BLADEL,kalshi::KXATPCHALLENGERMATCH-26MAY12BLADEL-BLA,https://kalshi.com/markets/kxatpchallengermatch/kxatpchallengermatch-26may12bladel,Pierre Delage,D0DB,Ugo Blanchet,BV16,Bordeaux Qualification,Clay,C,2026-05-12,2026-05-11T22:41:00+00:00,2026-05-12T13:30:00+00:00,0.2887616556718854,0.650275606636837,0.29,0.23,0.78,0.71,kalshi::KXATPCHALLENGERMATCH-26MAY12BLADEL-BLA,NO,Pierre Delage,D0DB,0.29,0.3497243933631629,0.0597243933631629,0.014413,"{""rank_ratio_a"": -0.579085, ""surface_win_rate_diff"": -0.0, ""recent_form_diff"": -0.001047, ""fatigue_diff_21d"": 0.007779, ""fatigue_diff_28d"": -0.039723, ""days_rest_diff"": -0.410464, ""h2h_surface_diff"": -0.0, ""ace_rate_diff"": 0.0, ""df_rate_diff"": -0.0, ""serve_dominance_diff"": -0.0, ""return_dominance_diff"": 0.0, ""first_in_pct_diff"": 0.0, ""first_won_pct_diff"": -0.0, ""second_won_pct_diff"": 0.0, ""height_diff"": 0.092211}",2026-05-12T14:34:34+00:00,0.0,True,0.71,0.695587
2026-05-12T00:41:38+00:00,KXATPCHALLENGERMATCH-26MAY12MONBAR,kalshi::KXATPCHALLENGERMATCH-26MAY12MONBAR-MON,https://kalshi.com/markets/kxatpchallengermatch/kxatpchallengermatch-26may12monbar,Inaki Montes-De La Torre,M0NL,Alex Barrena,B0GY,Tunis,Clay,C,2026-05-12,2026-05-11T22:21:00+00:00,2026-05-12T13:10:00+00:00,0.3649854668904884,0.6678177895492351,0.64,0.62,,,kalshi::KXATPCHALLENGERMATCH-26MAY12MONBAR-MON,NO,Alex Barrena,B0GY,0.38,0.6350145331095116,0.2550145331095116,0.016492,"{""rank_ratio_a"": 0.195654, ""surface_win_rate_diff"": 0.152051, ""recent_form_diff"": -0.000525, ""fatigue_diff_21d"": -0.034966, ""fatigue_diff_28d"": 0.182131, ""days_rest_diff"": 0.03328, ""h2h_surface_diff"": -0.0, ""ace_rate_diff"": 0.002219, ""df_rate_diff"": 0.118483, ""serve_dominance_diff"": -0.050981, ""return_dominance_diff"": 0.070934, ""first_in_pct_diff"": -0.001243, ""first_won_pct_diff"": 0.005957, ""second_won_pct_diff"": -0.014279, ""height_diff"": -0.012017}",2026-05-12T14:34:34+00:00,1.0,False,-0.38,-0.396492
2026-05-12T00:41:38+00:00,KXATPCHALLENGERMATCH-26MAY12TOMOUA,kalshi::KXATPCHALLENGERMATCH-26MAY12TOMOUA-TOM,https://kalshi.com/markets/kxatpchallengermatch/kxatpchallengermatch-26may12tomoua,Bernard Tomic,TA46,Aziz Ouakaa,O09A,Tunis,Clay,C,2026-05-12,2026-05-11T22:21:00+00:00,2026-05-12T13:10:00+00:00,0.944405820885166,0.1937142743045649,0.77,0.73,0.27,0.25,kalshi::KXATPCHALLENGERMATCH-26MAY12TOMOUA-TOM,YES,Bernard Tomic,TA46,0.77,0.944405820885166,0.1744058208851658,0.012397,"{""rank_ratio_a"": 0.218073, ""surface_win_rate_diff"": 0.229245, ""recent_form_diff"": 0.00078, ""fatigue_diff_21d"": -0.01726, ""fatigue_diff_28d"": 0.090236, ""days_rest_diff"": 0.05315, ""h2h_surface_diff"": -0.0, ""ace_rate_diff"": 0.06081, ""df_rate_diff"": 0.135981, ""serve_dominance_diff"": 1.092894, ""return_dominance_diff"": 0.138228, ""first_in_pct_diff"": 0.015883, ""first_won_pct_diff"": -0.022494, ""second_won_pct_diff"": -0.057964, ""height_diff"": 0.044106}",2026-05-12T14:34:34+00:00,1.0,True,0.22999999999999998,0.217603
2026-05-12T00:41:38+00:00,KXATPCHALLENGERMATCH-26MAY12SANDAN,kalshi::KXATPCHALLENGERMATCH-26MAY12SANDAN-SAN,https://kalshi.com/markets/kxatpchallengermatch/kxatpchallengermatch-26may12sandan,Carlos Sanchez Jover,S0CG,Taro Daniel,DA81,Valencia Qualification,Clay,C,2026-05-12,2026-05-11T22:11:00+00:00,2026-05-12T13:00:00+00:00,0.3929563478142951,0.6508311853051094,0.65,0.59,,,kalshi::KXATPCHALLENGERMATCH-26MAY12SANDAN-SAN,NO,Taro Daniel,DA81,0.41,0.6070436521857049,0.1970436521857048,0.016933,"{""rank_ratio_a"": 0.127042, ""surface_win_rate_diff"": -0.030929, ""recent_form_diff"": 0.000519, ""fatigue_diff_21d"": 0.020141, ""fatigue_diff_28d"": -0.056036, ""days_rest_diff"": -0.013081, ""h2h_surface_diff"": -0.0, ""ace_rate_diff"": 0.05489, ""df_rate_diff"": 0.088993, ""serve_dominance_diff"": 0.747222, ""return_dominance_diff"": -0.355885, ""first_in_pct_diff"": -0.001503, ""first_won_pct_diff"": -0.018976, ""second_won_pct_diff"": -0.043739, ""height_diff"": 0.072167}",2026-05-12T14:34:34+00:00,0.0,True,0.5900000000000001,0.5730670000000001
2026-05-12T00:41:38+00:00,KXATPCHALLENGERMATCH-26MAY12BAECAR,kalshi::KXATPCHALLENGERMATCH-26MAY12BAECAR-CAR,https://kalshi.com/markets/kxatpchallengermatch/kxatpchallengermatch-26may12baecar,Roberto Carballes Baena,CF59,Sebastian Baez,B0BI,Valencia,Clay,C,2026-05-12,2026-05-11T22:11:00+00:00,2026-05-12T13:00:00+00:00,0.4269657287984875,0.5473112988504538,0.29,0.27,,,kalshi::KXATPCHALLENGERMATCH-26MAY12BAECAR-CAR,YES,Roberto Carballes Baena,CF59,0.29,0.4269657287984875,0.1369657287984875,0.014413,"{""rank_ratio_a"": -0.158574, ""surface_win_rate_diff"": 0.054775, ""recent_form_diff"": 0.000258, ""fatigue_diff_21d"": 0.009455, ""fatigue_diff_28d"": -0.102255, ""days_rest_diff"": -0.014027, ""h2h_surface_diff"": -0.131708, ""ace_rate_diff"": 0.014996, ""df_rate_diff"": -0.008339, ""serve_dominance_diff"": 0.079114, ""return_dominance_diff"": 0.023954, ""first_in_pct_diff"": -0.012144, ""first_won_pct_diff"": -0.006672, ""second_won_pct_diff"": 0.003512, ""height_diff"": 0.052124}",2026-05-12T14:34:34+00:00,0.0,False,-0.29,-0.304413
2026-05-12T00:41:38+00:00,KXATPCHALLENGERMATCH-26MAY12SIMLOK,kalshi::KXATPCHALLENGERMATCH-26MAY12SIMLOK-SIM,https://kalshi.com/markets/kxatpchallengermatch/kxatpchallengermatch-26may12simlok,Ilia Simakin,S0O6,Laurent Lokoli,LC12,Tunis,Clay,C,2026-05-12,2026-05-11T21:11:00+00:00,2026-05-12T12:00:00+00:00,0.7377401049355911,0.3268491124734828,0.39,0.37,0.63,0.6,kalshi::KXATPCHALLENGERMATCH-26MAY12SIMLOK-SIM,YES,Ilia Simakin,S0O6,0.39,0.7377401049355911,0.347740104935591,0.016653,"{""rank_ratio_a"": 0.184585, ""surface_win_rate_diff"": -0.0, ""recent_form_diff"": 0.000258, ""fatigue_diff_21d"": -0.019565, ""fatigue_diff_28d"": 0.13428, ""days_rest_diff"": 0.02098, ""h2h_surface_diff"": -0.0, ""ace_rate_diff"": 0.039199, ""df_rate_diff"": 0.072508, ""serve_dominance_diff"": 0.497822, ""return_dominance_diff"": -0.011557, ""first_in_pct_diff"": -0.00047, ""first_won_pct_diff"": -0.008358, ""second_won_pct_diff"": -0.04548, ""height_diff"": 0.020053}",2026-05-12T14:34:34+00:00,0.0,False,-0.39,-0.40665300000000004
2026-05-12T00:41:38+00:00,KXATPCHALLENGERMATCH-26MAY11GARMID,kalshi::KXATPCHALLENGERMATCH-26MAY11GARMID-MID,https://kalshi.com/markets/kxatpchallengermatch/kxatpchallengermatch-26may11garmid,Lautaro Midon,M0OH,Cristian Garin,GD64,Oeiras 4,Clay,C,2026-05-11,2026-05-10T21:11:00+00:00,2026-05-11T12:00:00+00:00,0.3490584011686,0.6935999870142786,0.18,0.17,0.83,0.82,kalshi::KXATPCHALLENGERMATCH-26MAY11GARMID-MID,YES,Lautaro Midon,M0OH,0.18,0.3490584011686,0.1690584011686,0.010332,"{""rank_ratio_a"": -0.019337, ""surface_win_rate_diff"": -0.05443, ""recent_form_diff"": 0.00078, ""fatigue_diff_21d"": 0.047276, ""fatigue_diff_28d"": -0.24472, ""days_rest_diff"": -0.017812, ""h2h_surface_diff"": -0.0, ""ace_rate_diff"": -0.006827, ""df_rate_diff"": 0.015372, ""serve_dominance_diff"": -0.324934, ""return_dominance_diff"": 0.051653, ""first_in_pct_diff"": -0.004408, ""first_won_pct_diff"": 0.009226, ""second_won_pct_diff"": 0.009097, ""height_diff"": -0.020035}",2026-05-12T14:34:34+00:00,1.0,True,0.8200000000000001,0.809668
2026-05-12T00:41:38+00:00,KXATPCHALLENGERMATCH-26MAY11OLIBAS,kalshi::KXATPCHALLENGERMATCH-26MAY11OLIBAS-OLI,https://kalshi.com/markets/kxatpchallengermatch/kxatpchallengermatch-26may11olibas,Genaro Alberto Olivieri,O660,Nishesh Basavareddy,B0NN,Oeiras 4,Clay,C,2026-05-11,2026-05-10T21:11:00+00:00,2026-05-11T12:00:00+00:00,0.4105947685259591,0.6241945357051678,0.27,0.26,0.74,0.73,kalshi::KXATPCHALLENGERMATCH-26MAY11OLIBAS-OLI,YES,Genaro Alberto Olivieri,O660,0.27,0.4105947685259591,0.1405947685259591,0.013797,"{""rank_ratio_a"": 0.086092, ""surface_win_rate_diff"": -0.04514, ""recent_form_diff"": -0.000786, ""fatigue_diff_21d"": 0.083316, ""fatigue_diff_28d"": -0.343141, ""days_rest_diff"": -0.02065, ""h2h_surface_diff"": -0.0, ""ace_rate_diff"": -0.050493, ""df_rate_diff"": 0.114712, ""serve_dominance_diff"": -0.324617, ""return_dominance_diff"": 0.194182, ""first_in_pct_diff"": 0.030632, ""first_won_pct_diff"": 0.017205, ""second_won_pct_diff"": 0.013876, ""height_diff"": -0.020035}",2026-05-12T14:34:34+00:00,0.0,False,-0.27,-0.283797
2026-05-12T00:41:38+00:00,KXATPCHALLENGERMATCH-26MAY11PERELI,kalshi::KXATPCHALLENGERMATCH-26MAY11PERELI-ELI,https://kalshi.com/markets/kxatpchallengermatch/kxatpchallengermatch-26may11pereli,Tiago Pereira,P0K4,Gastao Elias,E698,Oeiras 4,Clay,C,2026-05-11,2026-05-10T21:11:00+00:00,2026-05-11T12:00:00+00:00,0.3082522502626528,0.7698539218008562,0.55,0.54,0.46,0.45,kalshi::KXATPCHALLENGERMATCH-26MAY11PERELI-ELI,YES,Gastao Elias,E698,0.46,0.7698539218008562,0.3098539218008562,0.017388,"{""rank_ratio_a"": 0.021567, ""surface_win_rate_diff"": 0.079819, ""recent_form_diff"": 0.00078, ""fatigue_diff_21d"": 0.000131, ""fatigue_diff_28d"": 0.017916, ""days_rest_diff"": 0.000165, ""h2h_surface_diff"": -0.0, ""ace_rate_diff"": 0.025207, ""df_rate_diff"": -0.04253, ""serve_dominance_diff"": 0.34772, ""return_dominance_diff"": -0.143198, ""first_in_pct_diff"": -0.002785, ""first_won_pct_diff"": -0.011838, ""second_won_pct_diff"": -0.013512, ""height_diff"": 0.721591}",2026-05-12T14:34:34+00:00,0.0,False,-0.46,-0.47738800000000003
